ID,Year,Place,Region1,Region2,Type,CurrentOfstedOverall,AssessmentMedian,Percentage of children with a referral within 12 months of a previous referral,"Rate of completed assessments per 10,000 of children aged under 18 years"
201,2019-20,City of London,London,Inner London,City of London Corporation,Outstanding,42,15,413
202,2019-20,Camden,London,Inner London,London borough,Good,33,9,268
203,2019-20,Greenwich,London,Outer London,London borough,Good,43,15,528
204,2019-20,Hackney,London,Inner London,London borough,Requires improvement to be good,41,15,771
205,2019-20,Hammersmith and Fulham,London,Inner London,London borough,Good,41,9,451
206,2019-20,Islington,London,Inner London,London borough,Outstanding,34,17,563
207,2019-20,Kensington and Chelsea,London,Inner London,London borough,Outstanding,33,25,442
208,2019-20,Lambeth,London,Inner London,London borough,Requires improvement to be good,34,19,594
209,2019-20,Lewisham,London,Inner London,London borough,Requires improvement to be good,34,17,613
210,2019-20,Southwark,London,Inner London,London borough,Good,41,15,463
211,2019-20,Tower Hamlets,London,Inner London,London borough,Good,35,23,800
212,2019-20,Wandsworth,London,Inner London,London borough,Requires improvement to be good,35,24,556
213,2019-20,Westminster,London,Inner London,London borough,Outstanding,24,16,422
301,2019-20,Barking and Dagenham,London,Outer London,London borough,Requires improvement to be good,37,14,673
302,2019-20,Barnet,London,Outer London,London borough,Good,28,16,328
303,2019-20,Bexley,London,Outer London,London borough,Outstanding,35,17,530
304,2019-20,Brent,London,Outer London,London borough,Good,39,12,471
305,2019-20,Bromley,London,Outer London,London borough,Good,36,20,479
306,2019-20,Croydon,London,Outer London,London borough,Good,36,17,566
307,2019-20,Ealing,London,Outer London,London borough,Requires improvement to be good,43,16,627
308,2019-20,Enfield,London,Outer London,London borough,Good,29,28,622
309,2019-20,Haringey,London,Inner London,London borough,Requires improvement to be good,27,17,499
310,2019-20,Harrow,London,Outer London,London borough,Good,34,13,433
311,2019-20,Havering,London,Outer London,London borough,Good,26,17,407
312,2019-20,Hillingdon,London,Outer London,London borough,Good,17,20,620
313,2019-20,Hounslow,London,Outer London,London borough,Good,40,17,513
314,2019-20,Kingston upon Thames,London,Outer London,London borough,Outstanding,32,14,651
315,2019-20,Merton,London,Outer London,London borough,Good,33,21,336
316,2019-20,Newham,London,Inner London,London borough,Inadequate,43,14,502
317,2019-20,Redbridge,London,Outer London,London borough,Outstanding,33,18,501
318,2019-20,Richmond upon Thames,London,Outer London,London borough,Good,34,15,464
319,2019-20,Sutton,London,Outer London,London borough,Good,35,25,471
320,2019-20,Waltham Forest,London,Outer London,London borough,Good,33,19,573
330,2019-20,Birmingham,West Midlands,West Midlands,Metropolitan borough council,Requires improvement to be good,24,17,368
331,2019-20,Coventry,West Midlands,West Midlands,Metropolitan borough council,Requires improvement to be good,40,23,605
332,2019-20,Dudley,West Midlands,West Midlands,Metropolitan borough council,Requires improvement to be good,33,27,551
333,2019-20,Sandwell,West Midlands,West Midlands,Metropolitan borough council,Inadequate,37,23,833
334,2019-20,Solihull,West Midlands,West Midlands,Metropolitan borough council,Requires improvement to be good,27,31,351
335,2019-20,Walsall,West Midlands,West Midlands,Metropolitan borough council,Requires improvement to be good,28,25,637
336,2019-20,Wolverhampton,West Midlands,West Midlands,Metropolitan borough council,Good,24,20,568
340,2019-20,Knowsley,North West,North West,Metropolitan borough council,Requires improvement to be good,21,16,611
341,2019-20,Liverpool,North West,North West,Metropolitan borough council,Requires improvement to be good,37,23,796
342,2019-20,St. Helens,North West,North West,Metropolitan borough council,Inadequate,30,23,1031
343,2019-20,Sefton,North West,North West,Metropolitan borough council,Requires improvement to be good,41,16,583
344,2019-20,Wirral,North West,North West,Metropolitan borough council,Requires improvement to be good,30,26,734
350,2019-20,Bolton,North West,North West,Metropolitan borough council,Good,27,21,541
351,2019-20,Bury,North West,North West,Metropolitan borough council,Requires improvement to be good,35,29,565
352,2019-20,Manchester,North West,North West,Metropolitan borough council,Requires improvement to be good,33,19,671
353,2019-20,Oldham,North West,North West,Metropolitan borough council,Requires improvement to be good,33,23,776
354,2019-20,Rochdale,North West,North West,Metropolitan borough council,Requires improvement to be good,37,21,738
355,2019-20,Salford,North West,North West,Metropolitan borough council,Good,37,20,747
356,2019-20,Stockport,North West,North West,Metropolitan borough council,Good,39,20,553
357,2019-20,Tameside,North West,North West,Metropolitan borough council,Requires improvement to be good,34,21,667
358,2019-20,Trafford,North West,North West,Metropolitan borough council,Inadequate,19,30,451
359,2019-20,Wigan,North West,North West,Metropolitan borough council,Good,35,21,793
370,2019-20,Barnsley,Yorkshire and the Humber,Yorkshire and the Humber,Metropolitan borough council,Good,36,17,527
371,2019-20,Doncaster,Yorkshire and the Humber,Yorkshire and the Humber,Metropolitan borough council,Good,28,27,1000
372,2019-20,Rotherham,Yorkshire and the Humber,Yorkshire and the Humber,Metropolitan borough council,Good,28,20,924
373,2019-20,Sheffield,Yorkshire and the Humber,Yorkshire and the Humber,Metropolitan borough council,Good,40,26,583
380,2019-20,Bradford,Yorkshire and the Humber,Yorkshire and the Humber,Metropolitan borough council,Inadequate,35,22,981
381,2019-20,Calderdale,Yorkshire and the Humber,Yorkshire and the Humber,Metropolitan borough council,Good,25,24,970
382,2019-20,Kirklees,Yorkshire and the Humber,Yorkshire and the Humber,Metropolitan borough council,Requires improvement to be good,27,23,563
383,2019-20,Leeds,Yorkshire and the Humber,Yorkshire and the Humber,Metropolitan borough council,Outstanding,36,25,587
384,2019-20,Wakefield,Yorkshire and the Humber,Yorkshire and the Humber,Metropolitan borough council,Inadequate,29,29,1318
390,2019-20,Gateshead,North East,North East,Metropolitan borough council,Good,40,11,509
391,2019-20,Newcastle upon Tyne,North East,North East,Metropolitan borough council,Requires improvement to be good,19,26,885
392,2019-20,North Tyneside,North East,North East,Metropolitan borough council,Outstanding,41,16,340
393,2019-20,South Tyneside,North East,North East,Metropolitan borough council,Good,30,23,492
394,2019-20,Sunderland,North East,North East,Metropolitan borough council,Inadequate,36,21,666
800,2019-20,Bath and North East Somerset,South West,South West,Unitary,Good,31,17,294
801,2019-20,"Bristol, City of",South West,South West,Unitary,Requires improvement to be good,25,28,438
802,2019-20,North Somerset,South West,South West,Unitary,Requires improvement to be good,38,26,259
803,2019-20,South Gloucestershire,South West,South West,Unitary,Requires improvement to be good,34,21,412
805,2019-20,Hartlepool,North East,North East,Unitary,Good,38,17,842
806,2019-20,Middlesbrough,North East,North East,Unitary,Inadequate,38,23,1302
807,2019-20,Redcar and Cleveland,North East,North East,Unitary,Requires improvement to be good,42,13,797
808,2019-20,Stockton-on-Tees,North East,North East,Unitary,Requires improvement to be good,41,23,727
810,2019-20,"Kingston Upon Hull, City of",Yorkshire and the Humber,Yorkshire and the Humber,Unitary,Inadequate,42,21,605
811,2019-20,East Riding of Yorkshire,Yorkshire and the Humber,Yorkshire and the Humber,Unitary,Inadequate,43,20,384
812,2019-20,North East Lincolnshire,Yorkshire and the Humber,Yorkshire and the Humber,Unitary,Good,43,16,1208
813,2019-20,North Lincolnshire,Yorkshire and the Humber,Yorkshire and the Humber,Unitary,Outstanding,30,18,422
815,2019-20,North Yorkshire,Yorkshire and the Humber,Yorkshire and the Humber,County,Outstanding,19,16,355
816,2019-20,York,Yorkshire and the Humber,Yorkshire and the Humber,Unitary,Good,31,20,569
821,2019-20,Luton,East of England,East of England,Unitary,Inadequate,34,16,549
822,2019-20,Bedford Borough,East of England,East of England,Unitary,Requires improvement to be good,33,16,518
823,2019-20,Central Bedfordshire,East of England,East of England,Unitary,Good,26,16,381
825,2019-20,Buckinghamshire,South East,South East,County,Inadequate,28,25,646
826,2019-20,Milton Keynes,South East,South East,Unitary,Requires improvement to be good,28,16,444
830,2019-20,Derbyshire,East Midlands,East Midlands,County,Requires improvement to be good,30,25,794
831,2019-20,Derby,East Midlands,East Midlands,Unitary,Good,24,19,631
840,2019-20,Durham,North East,North East,Unitary,Requires improvement to be good,28,26,585
841,2019-20,Darlington,North East,North East,Unitary,Requires improvement to be good,41,16,417
845,2019-20,East Sussex,South East,South East,County,Outstanding,41,17,326
846,2019-20,Brighton and Hove,South East,South East,Unitary,Good,30,30,548
850,2019-20,Hampshire,South East,South East,County,Outstanding,15,29,693
851,2019-20,Portsmouth,South East,South East,Unitary,Good,20,23,592
852,2019-20,Southampton,South East,South East,Unitary,Requires improvement to be good,37,23,898
855,2019-20,Leicestershire,East Midlands,East Midlands,County,Requires improvement to be good,27,20,359
856,2019-20,Leicester,East Midlands,East Midlands,Unitary,Requires improvement to be good,44,11,345
857,2019-20,Rutland,East Midlands,East Midlands,Unitary,Requires improvement to be good,42,26,460
860,2019-20,Staffordshire,West Midlands,West Midlands,County,Good,26,18,554
861,2019-20,Stoke-on-Trent,West Midlands,West Midlands,Unitary,Inadequate,41,32,1258
865,2019-20,Wiltshire,South West,South West,Unitary,Good,29,21,457
866,2019-20,Swindon,South West,South West,Unitary,Good,13,28,855
867,2019-20,Bracknell Forest,South East,South East,Unitary,Good,19,24,539
868,2019-20,Windsor and Maidenhead,South East,South East,Unitary,Good,31,15,349
869,2019-20,West Berkshire,South East,South East,Unitary,Good,30,25,528
870,2019-20,Reading,South East,South East,Unitary,Requires improvement to be good,35,24,727
871,2019-20,Slough,South East,South East,Unitary,Requires improvement to be good,39,16,576
872,2019-20,Wokingham,South East,South East,Unitary,Requires improvement to be good,33,24,392
873,2019-20,Cambridgeshire,East of England,East of England,County,Requires improvement to be good,2,22,435
874,2019-20,Peterborough,East of England,East of England,Unitary,Good,38,29,483
876,2019-20,Halton,North West,North West,Unitary,Requires improvement to be good,41,15,596
877,2019-20,Warrington,North West,North West,Unitary,Good,42,19,387
878,2019-20,Devon,South West,South West,County,Inadequate,29,16,259
879,2019-20,Plymouth,South West,South West,Unitary,Requires improvement to be good,30,23,610
880,2019-20,Torbay,South West,South West,Unitary,Inadequate,29,21,651
881,2019-20,Essex,East of England,East of England,County,Outstanding,32,18,274
882,2019-20,Southend-on-Sea,East of England,East of England,Unitary,Requires improvement to be good,29,29,750
883,2019-20,Thurrock,East of England,East of England,Unitary,Good,34,15,901
884,2019-20,Herefordshire,West Midlands,West Midlands,Unitary,Requires improvement to be good,23,9,431
885,2019-20,Worcestershire,West Midlands,West Midlands,County,Requires improvement to be good,20,23,470
886,2019-20,Kent,South East,South East,County,Good,33,27,602
887,2019-20,Medway,South East,South East,Unitary,Inadequate,37,24,734
888,2019-20,Lancashire,North West,North West,County,Requires improvement to be good,30,20,549
889,2019-20,Blackburn with Darwen,North West,North West,Unitary,Good,41,21,780
890,2019-20,Blackpool,North West,North West,Unitary,Inadequate,35,28,1322
891,2019-20,Nottinghamshire,East Midlands,East Midlands,County,Good,18,27,640
892,2019-20,Nottingham,East Midlands,East Midlands,Unitary,Requires improvement to be good,36,18,847
893,2019-20,Shropshire,West Midlands,West Midlands,Unitary,Good,18,16,577
894,2019-20,Telford and Wrekin,West Midlands,West Midlands,Unitary,Outstanding,29,20,555
895,2019-20,Cheshire East,North West,North West,Unitary,Requires improvement to be good,32,15,405
896,2019-20,Cheshire West and Chester,North West,North West,Unitary,Good,39,15,373
908,2019-20,Cornwall,South West,South West,Unitary,Outstanding,36,20,515
909,2019-20,Cumbria,North West,North West,County,Requires improvement to be good,35,21,561
916,2019-20,Gloucestershire,South West,South West,County,Inadequate,35,28,704
919,2019-20,Hertfordshire,East of England,East of England,County,Good,33,13,212
921,2019-20,Isle of Wight,South East,South East,Unitary,Good,14,33,1273
925,2019-20,Lincolnshire,East Midlands,East Midlands,County,Outstanding,32,22,459
926,2019-20,Norfolk,East of England,East of England,County,Requires improvement to be good,40,18,451
928,2019-20,Northamptonshire,East Midlands,East Midlands,County,Inadequate,25,31,538
929,2019-20,Northumberland,North East,North East,Unitary,Good,32,20,636
931,2019-20,Oxfordshire,South East,South East,County,Good,43,17,481
933,2019-20,Somerset,South West,South West,County,Requires improvement to be good,35,19,298
935,2019-20,Suffolk,East of England,East of England,County,Outstanding,34,19,407
936,2019-20,Surrey,South East,South East,County,Inadequate,34,20,331
937,2019-20,Warwickshire,West Midlands,West Midlands,County,Requires improvement to be good,37,19,461
938,2019-20,West Sussex,South East,South East,County,Inadequate,31,26,594
201,2018-19,City of London,London,Inner London,City of London Corporation,Outstanding,41,9,289
202,2018-19,Camden,London,Inner London,London borough,Good,32,10,258
203,2018-19,Greenwich,London,Outer London,London borough,Good,44,15,482
204,2018-19,Hackney,London,Inner London,London borough,Requires improvement to be good,39,16,674
205,2018-19,Hammersmith and Fulham,London,Inner London,London borough,Good,41,7,358
206,2018-19,Islington,London,Inner London,London borough,Outstanding,34,16,600
207,2018-19,Kensington and Chelsea,London,Inner London,London borough,Outstanding,31,23,481
208,2018-19,Lambeth,London,Inner London,London borough,Requires improvement to be good,33,17,590
209,2018-19,Lewisham,London,Inner London,London borough,Requires improvement to be good,33,14,540
210,2018-19,Southwark,London,Inner London,London borough,Good,42,15,481
211,2018-19,Tower Hamlets,London,Inner London,London borough,Good,35,20,756
212,2018-19,Wandsworth,London,Inner London,London borough,Requires improvement to be good,36,20,573
213,2018-19,Westminster,London,Inner London,London borough,Outstanding,28,16,320
301,2018-19,Barking and Dagenham,London,Outer London,London borough,Requires improvement to be good,36,13,577
302,2018-19,Barnet,London,Outer London,London borough,Good,24,18,395
303,2018-19,Bexley,London,Outer London,London borough,Outstanding,35,21,546
304,2018-19,Brent,London,Outer London,London borough,Good,39,14,497
305,2018-19,Bromley,London,Outer London,London borough,Good,37,14,394
306,2018-19,Croydon,London,Outer London,London borough,Good,34,18,693
307,2018-19,Ealing,London,Outer London,London borough,Requires improvement to be good,42,28,429
308,2018-19,Enfield,London,Outer London,London borough,Good,32,23,574
309,2018-19,Haringey,London,Inner London,London borough,Requires improvement to be good,30,19,469
310,2018-19,Harrow,London,Outer London,London borough,Good,34,12,415
311,2018-19,Havering,London,Outer London,London borough,Good,35,17,370
312,2018-19,Hillingdon,London,Outer London,London borough,Good,16,24,753
313,2018-19,Hounslow,London,Outer London,London borough,Good,30,18,613
314,2018-19,Kingston upon Thames,London,Outer London,London borough,Outstanding,32,12,526
315,2018-19,Merton,London,Outer London,London borough,Good,33,17,386
316,2018-19,Newham,London,Inner London,London borough,Inadequate,45,19,505
317,2018-19,Redbridge,London,Outer London,London borough,Outstanding,27,17,530
318,2018-19,Richmond upon Thames,London,Outer London,London borough,Good,37,10,402
319,2018-19,Sutton,London,Outer London,London borough,Good,33,21,382
320,2018-19,Waltham Forest,London,Outer London,London borough,Good,32,14,505
330,2018-19,Birmingham,West Midlands,West Midlands,Metropolitan borough council,Requires improvement to be good,21,22,447
331,2018-19,Coventry,West Midlands,West Midlands,Metropolitan borough council,Requires improvement to be good,40,23,632
332,2018-19,Dudley,West Midlands,West Midlands,Metropolitan borough council,Requires improvement to be good,23,23,636
333,2018-19,Sandwell,West Midlands,West Midlands,Metropolitan borough council,Inadequate,34,22,763
334,2018-19,Solihull,West Midlands,West Midlands,Metropolitan borough council,Requires improvement to be good,20,23,435
335,2018-19,Walsall,West Midlands,West Midlands,Metropolitan borough council,Requires improvement to be good,27,23,755
336,2018-19,Wolverhampton,West Midlands,West Midlands,Metropolitan borough council,Good,25,23,558
340,2018-19,Knowsley,North West,North West,Metropolitan borough council,Requires improvement to be good,15,15,594
341,2018-19,Liverpool,North West,North West,Metropolitan borough council,Requires improvement to be good,39,23,791
342,2018-19,St. Helens,North West,North West,Metropolitan borough council,Inadequate,27,14,863
343,2018-19,Sefton,North West,North West,Metropolitan borough council,Requires improvement to be good,42,19,580
344,2018-19,Wirral,North West,North West,Metropolitan borough council,Requires improvement to be good,28,24,820
350,2018-19,Bolton,North West,North West,Metropolitan borough council,Good,20,21,563
351,2018-19,Bury,North West,North West,Metropolitan borough council,Requires improvement to be good,32,27,680
352,2018-19,Manchester,North West,North West,Metropolitan borough council,Requires improvement to be good,31,26,852
353,2018-19,Oldham,North West,North West,Metropolitan borough council,Requires improvement to be good,36,24,670
354,2018-19,Rochdale,North West,North West,Metropolitan borough council,Requires improvement to be good,35,16,676
355,2018-19,Salford,North West,North West,Metropolitan borough council,Good,33,22,680
356,2018-19,Stockport,North West,North West,Metropolitan borough council,Good,36,23,562
357,2018-19,Tameside,North West,North West,Metropolitan borough council,Requires improvement to be good,32,24,842
358,2018-19,Trafford,North West,North West,Metropolitan borough council,Inadequate,19,25,251
359,2018-19,Wigan,North West,North West,Metropolitan borough council,Good,30,23,523
370,2018-19,Barnsley,Yorkshire and the Humber,Yorkshire and the Humber,Metropolitan borough council,Good,30,19,531
371,2018-19,Doncaster,Yorkshire and the Humber,Yorkshire and the Humber,Metropolitan borough council,Good,31,26,1030
372,2018-19,Rotherham,Yorkshire and the Humber,Yorkshire and the Humber,Metropolitan borough council,Good,32,21,860
373,2018-19,Sheffield,Yorkshire and the Humber,Yorkshire and the Humber,Metropolitan borough council,Good,35,33,586
380,2018-19,Bradford,Yorkshire and the Humber,Yorkshire and the Humber,Metropolitan borough council,Inadequate,28,20,768
381,2018-19,Calderdale,Yorkshire and the Humber,Yorkshire and the Humber,Metropolitan borough council,Good,26,21,928
382,2018-19,Kirklees,Yorkshire and the Humber,Yorkshire and the Humber,Metropolitan borough council,Requires improvement to be good,23,19,495
383,2018-19,Leeds,Yorkshire and the Humber,Yorkshire and the Humber,Metropolitan borough council,Outstanding,35,27,568
384,2018-19,Wakefield,Yorkshire and the Humber,Yorkshire and the Humber,Metropolitan borough council,Inadequate,37,22,997
390,2018-19,Gateshead,North East,North East,Metropolitan borough council,Good,39,16,534
391,2018-19,Newcastle upon Tyne,North East,North East,Metropolitan borough council,Requires improvement to be good,24,20,1011
392,2018-19,North Tyneside,North East,North East,Metropolitan borough council,Outstanding,41,16,407
393,2018-19,South Tyneside,North East,North East,Metropolitan borough council,Good,32,26,508
394,2018-19,Sunderland,North East,North East,Metropolitan borough council,Inadequate,35,24,920
800,2018-19,Bath and North East Somerset,South West,South West,Unitary,Good,32,19,349
801,2018-19,"Bristol, City of",South West,South West,Unitary,Requires improvement to be good,23,28,489
802,2018-19,North Somerset,South West,South West,Unitary,Requires improvement to be good,43,20,312
803,2018-19,South Gloucestershire,South West,South West,Unitary,Requires improvement to be good,33,22,418
805,2018-19,Hartlepool,North East,North East,Unitary,Good,38,16,704
806,2018-19,Middlesbrough,North East,North East,Unitary,Inadequate,38,22,1099
807,2018-19,Redcar and Cleveland,North East,North East,Unitary,Requires improvement to be good,43,10,543
808,2018-19,Stockton-on-Tees,North East,North East,Unitary,Requires improvement to be good,42,23,619
810,2018-19,"Kingston Upon Hull, City of",Yorkshire and the Humber,Yorkshire and the Humber,Unitary,Inadequate,37,27,656
811,2018-19,East Riding of Yorkshire,Yorkshire and the Humber,Yorkshire and the Humber,Unitary,Inadequate,40,23,370
812,2018-19,North East Lincolnshire,Yorkshire and the Humber,Yorkshire and the Humber,Unitary,Good,51,16,654
813,2018-19,North Lincolnshire,Yorkshire and the Humber,Yorkshire and the Humber,Unitary,Outstanding,32,12,484
815,2018-19,North Yorkshire,Yorkshire and the Humber,Yorkshire and the Humber,County,Outstanding,20,17,402
816,2018-19,York,Yorkshire and the Humber,Yorkshire and the Humber,Unitary,Good,36,15,280
821,2018-19,Luton,East of England,East of England,Unitary,Inadequate,34,17,538
822,2018-19,Bedford Borough,East of England,East of England,Unitary,Requires improvement to be good,42,16,421
823,2018-19,Central Bedfordshire,East of England,East of England,Unitary,Good,30,14,322
825,2018-19,Buckinghamshire,South East,South East,County,Inadequate,34,30,629
826,2018-19,Milton Keynes,South East,South East,Unitary,Requires improvement to be good,18,20,329
830,2018-19,Derbyshire,East Midlands,East Midlands,County,Requires improvement to be good,30,21,670
831,2018-19,Derby,East Midlands,East Midlands,Unitary,Good,42,17,638
835,2018-19,Dorset,South West,South West,County,,32,26,678
836,2018-19,Poole,South West,South West,Unitary,-,39,21,406
837,2018-19,Bournemouth,South West,South West,Unitary,-,31,19,497
840,2018-19,Durham,North East,North East,Unitary,Requires improvement to be good,37,22,580
841,2018-19,Darlington,North East,North East,Unitary,Requires improvement to be good,39,17,455
845,2018-19,East Sussex,South East,South East,County,Outstanding,42,18,338
846,2018-19,Brighton and Hove,South East,South East,Unitary,Good,30,23,484
850,2018-19,Hampshire,South East,South East,County,Outstanding,15,27,634
851,2018-19,Portsmouth,South East,South East,Unitary,Good,16,25,848
852,2018-19,Southampton,South East,South East,Unitary,Requires improvement to be good,39,17,482
855,2018-19,Leicestershire,East Midlands,East Midlands,County,Requires improvement to be good,30,23,297
856,2018-19,Leicester,East Midlands,East Midlands,Unitary,Requires improvement to be good,38,15,317
857,2018-19,Rutland,East Midlands,East Midlands,Unitary,Requires improvement to be good,44,19,503
860,2018-19,Staffordshire,West Midlands,West Midlands,County,Good,29,18,634
861,2018-19,Stoke-on-Trent,West Midlands,West Midlands,Unitary,Inadequate,37,28,860
865,2018-19,Wiltshire,South West,South West,Unitary,Good,26,15,439
866,2018-19,Swindon,South West,South West,Unitary,Good,24,17,837
867,2018-19,Bracknell Forest,South East,South East,Unitary,Good,18,25,601
868,2018-19,Windsor and Maidenhead,South East,South East,Unitary,Good,45,21,249
869,2018-19,West Berkshire,South East,South East,Unitary,Good,21,26,581
870,2018-19,Reading,South East,South East,Unitary,Requires improvement to be good,27,26,722
871,2018-19,Slough,South East,South East,Unitary,Requires improvement to be good,40,13,434
872,2018-19,Wokingham,South East,South East,Unitary,Requires improvement to be good,26,20,438
873,2018-19,Cambridgeshire,East of England,East of England,County,Requires improvement to be good,22,19,500
874,2018-19,Peterborough,East of England,East of England,Unitary,Good,34,21,643
876,2018-19,Halton,North West,North West,Unitary,Requires improvement to be good,41,13,587
877,2018-19,Warrington,North West,North West,Unitary,Good,34,13,384
878,2018-19,Devon,South West,South West,County,Inadequate,37,18,391
879,2018-19,Plymouth,South West,South West,Unitary,Requires improvement to be good,30,29,704
880,2018-19,Torbay,South West,South West,Unitary,Inadequate,36,24,738
881,2018-19,Essex,East of England,East of England,County,Outstanding,33,18,250
882,2018-19,Southend-on-Sea,East of England,East of England,Unitary,Requires improvement to be good,28,24,740
883,2018-19,Thurrock,East of England,East of England,Unitary,Good,34,13,728
884,2018-19,Herefordshire,West Midlands,West Midlands,Unitary,Requires improvement to be good,15,28,427
885,2018-19,Worcestershire,West Midlands,West Midlands,County,Requires improvement to be good,24,16,445
886,2018-19,Kent,South East,South East,County,Good,32,25,521
887,2018-19,Medway,South East,South East,Unitary,Inadequate,44,14,531
888,2018-19,Lancashire,North West,North West,County,Requires improvement to be good,30,20,646
889,2018-19,Blackburn with Darwen,North West,North West,Unitary,Good,36,18,854
890,2018-19,Blackpool,North West,North West,Unitary,Inadequate,32,22,1000
891,2018-19,Nottinghamshire,East Midlands,East Midlands,County,Good,18,27,716
892,2018-19,Nottingham,East Midlands,East Midlands,Unitary,Requires improvement to be good,33,19,810
893,2018-19,Shropshire,West Midlands,West Midlands,Unitary,Good,12,16,553
894,2018-19,Telford and Wrekin,West Midlands,West Midlands,Unitary,Outstanding,26,17,588
895,2018-19,Cheshire East,North West,North West,Unitary,Requires improvement to be good,33,19,391
896,2018-19,Cheshire West and Chester,North West,North West,Unitary,Good,38,20,379
908,2018-19,Cornwall,South West,South West,Unitary,Outstanding,37,19,461
909,2018-19,Cumbria,North West,North West,County,Requires improvement to be good,35,20,494
916,2018-19,Gloucestershire,South West,South West,County,Inadequate,34,27,631
919,2018-19,Hertfordshire,East of England,East of England,County,Good,32,14,218
921,2018-19,Isle of Wight,South East,South East,Unitary,Good,14,32,790
925,2018-19,Lincolnshire,East Midlands,East Midlands,County,Outstanding,11,20,457
926,2018-19,Norfolk,East of England,East of England,County,Requires improvement to be good,37,21,430
928,2018-19,Northamptonshire,East Midlands,East Midlands,County,Inadequate,32,29,318
929,2018-19,Northumberland,North East,North East,Unitary,Good,26,22,696
931,2018-19,Oxfordshire,South East,South East,County,Good,42,18,373
933,2018-19,Somerset,South West,South West,County,Requires improvement to be good,32,23,372
935,2018-19,Suffolk,East of England,East of England,County,Outstanding,28,21,437
936,2018-19,Surrey,South East,South East,County,Inadequate,39,24,452
937,2018-19,Warwickshire,West Midlands,West Midlands,County,Requires improvement to be good,36,26,528
938,2018-19,West Sussex,South East,South East,County,Inadequate,32,25,596
839,2018-19,"Bournemouth, Christchurch and Poole",South West,South West,Unitary,Not yet inspected,70,20,451
201,2017-18,City of London,London,Inner London,City of London Corporation,Outstanding,40,11,311
202,2017-18,Camden,London,Inner London,London borough,Good,33,12,361
203,2017-18,Greenwich,London,Outer London,London borough,Good,43,14,466
204,2017-18,Hackney,London,Inner London,London borough,Requires improvement to be good,42,15,704
205,2017-18,Hammersmith and Fulham,London,Inner London,London borough,Good,42,14,425
206,2017-18,Islington,London,Inner London,London borough,Outstanding,35,10,757
207,2017-18,Kensington and Chelsea,London,Inner London,London borough,Outstanding,26,26,483
208,2017-18,Lambeth,London,Inner London,London borough,Requires improvement to be good,1,20,254
209,2017-18,Lewisham,London,Inner London,London borough,Requires improvement to be good,34,15,556
210,2017-18,Southwark,London,Inner London,London borough,Good,40,13,419
211,2017-18,Tower Hamlets,London,Inner London,London borough,Good,35,14,684
212,2017-18,Wandsworth,London,Inner London,London borough,Requires improvement to be good,38,23,460
213,2017-18,Westminster,London,Inner London,London borough,Outstanding,7,15,253
301,2017-18,Barking and Dagenham,London,Outer London,London borough,Requires improvement to be good,40,16,405
302,2017-18,Barnet,London,Outer London,London borough,Good,39,17,471
303,2017-18,Bexley,London,Outer London,London borough,Outstanding,30,21,639
304,2017-18,Brent,London,Outer London,London borough,Good,31,15,661
305,2017-18,Bromley,London,Outer London,London borough,Good,32,16,334
306,2017-18,Croydon,London,Outer London,London borough,Good,35,18,498
307,2017-18,Ealing,London,Outer London,London borough,Requires improvement to be good,39,15,420
308,2017-18,Enfield,London,Outer London,London borough,Good,36,16,492
309,2017-18,Haringey,London,Inner London,London borough,Requires improvement to be good,36,15,556
310,2017-18,Harrow,London,Outer London,London borough,Good,30,14,443
311,2017-18,Havering,London,Outer London,London borough,Good,31,18,478
312,2017-18,Hillingdon,London,Outer London,London borough,Good,14,22,791
313,2017-18,Hounslow,London,Outer London,London borough,Good,23,15,485
314,2017-18,Kingston upon Thames,London,Outer London,London borough,Outstanding,30,14,473
315,2017-18,Merton,London,Outer London,London borough,Good,33,9,465
316,2017-18,Newham,London,Inner London,London borough,Inadequate,36,13,506
317,2017-18,Redbridge,London,Outer London,London borough,Outstanding,27,15,567
318,2017-18,Richmond upon Thames,London,Outer London,London borough,Good,35,13,419
319,2017-18,Sutton,London,Outer London,London borough,Good,30,18,413
320,2017-18,Waltham Forest,London,Outer London,London borough,Good,30,13,442
330,2017-18,Birmingham,West Midlands,West Midlands,Metropolitan borough council,Requires improvement to be good,20,23,513
331,2017-18,Coventry,West Midlands,West Midlands,Metropolitan borough council,Requires improvement to be good,39,20,571
332,2017-18,Dudley,West Midlands,West Midlands,Metropolitan borough council,Requires improvement to be good,21,24,514
333,2017-18,Sandwell,West Midlands,West Midlands,Metropolitan borough council,Inadequate,23,20,738
334,2017-18,Solihull,West Midlands,West Midlands,Metropolitan borough council,Requires improvement to be good,12,22,449
335,2017-18,Walsall,West Midlands,West Midlands,Metropolitan borough council,Requires improvement to be good,24,25,754
336,2017-18,Wolverhampton,West Midlands,West Midlands,Metropolitan borough council,Good,26,24,567
340,2017-18,Knowsley,North West,North West,Metropolitan borough council,Requires improvement to be good,15,19,647
341,2017-18,Liverpool,North West,North West,Metropolitan borough council,Requires improvement to be good,33,26,694
342,2017-18,St. Helens,North West,North West,Metropolitan borough council,Inadequate,30,18,651
343,2017-18,Sefton,North West,North West,Metropolitan borough council,Requires improvement to be good,36,16,524
344,2017-18,Wirral,North West,North West,Metropolitan borough council,Requires improvement to be good,30,18,554
350,2017-18,Bolton,North West,North West,Metropolitan borough council,Good,15,19,592
351,2017-18,Bury,North West,North West,Metropolitan borough council,Requires improvement to be good,32,24,625
352,2017-18,Manchester,North West,North West,Metropolitan borough council,Requires improvement to be good,34,24,948
353,2017-18,Oldham,North West,North West,Metropolitan borough council,Requires improvement to be good,35,20,793
354,2017-18,Rochdale,North West,North West,Metropolitan borough council,Requires improvement to be good,31,16,612
355,2017-18,Salford,North West,North West,Metropolitan borough council,Good,35,23,705
356,2017-18,Stockport,North West,North West,Metropolitan borough council,Good,38,20,556
357,2017-18,Tameside,North West,North West,Metropolitan borough council,Requires improvement to be good,30,28,1111
358,2017-18,Trafford,North West,North West,Metropolitan borough council,Inadequate,19,25,253
359,2017-18,Wigan,North West,North West,Metropolitan borough council,Good,31,23,691
370,2017-18,Barnsley,Yorkshire and the Humber,Yorkshire and the Humber,Metropolitan borough council,Good,37,16,366
371,2017-18,Doncaster,Yorkshire and the Humber,Yorkshire and the Humber,Metropolitan borough council,Good,34,25,1098
372,2017-18,Rotherham,Yorkshire and the Humber,Yorkshire and the Humber,Metropolitan borough council,Good,33,22,879
373,2017-18,Sheffield,Yorkshire and the Humber,Yorkshire and the Humber,Metropolitan borough council,Good,32,29,570
380,2017-18,Bradford,Yorkshire and the Humber,Yorkshire and the Humber,Metropolitan borough council,Inadequate,19,19,759
381,2017-18,Calderdale,Yorkshire and the Humber,Yorkshire and the Humber,Metropolitan borough council,Good,23,21,732
382,2017-18,Kirklees,Yorkshire and the Humber,Yorkshire and the Humber,Metropolitan borough council,Requires improvement to be good,39,23,421
383,2017-18,Leeds,Yorkshire and the Humber,Yorkshire and the Humber,Metropolitan borough council,Outstanding,34,23,631
384,2017-18,Wakefield,Yorkshire and the Humber,Yorkshire and the Humber,Metropolitan borough council,Inadequate,45,20,433
390,2017-18,Gateshead,North East,North East,Metropolitan borough council,Good,42,16,557
391,2017-18,Newcastle upon Tyne,North East,North East,Metropolitan borough council,Requires improvement to be good,37,16,593
392,2017-18,North Tyneside,North East,North East,Metropolitan borough council,Outstanding,36,16,391
393,2017-18,South Tyneside,North East,North East,Metropolitan borough council,Good,30,21,532
394,2017-18,Sunderland,North East,North East,Metropolitan borough council,Inadequate,42,20,902
800,2017-18,Bath and North East Somerset,South West,South West,Unitary,Good,31,16,406
801,2017-18,"Bristol, City of",South West,South West,Unitary,Requires improvement to be good,18,26,620
802,2017-18,North Somerset,South West,South West,Unitary,Requires improvement to be good,44,22,329
803,2017-18,South Gloucestershire,South West,South West,Unitary,Requires improvement to be good,30,24,415
805,2017-18,Hartlepool,North East,North East,Unitary,Good,39,15,683
806,2017-18,Middlesbrough,North East,North East,Unitary,Inadequate,43,19,923
807,2017-18,Redcar and Cleveland,North East,North East,Unitary,Requires improvement to be good,43,13,630
808,2017-18,Stockton-on-Tees,North East,North East,Unitary,Requires improvement to be good,40,20,615
810,2017-18,"Kingston Upon Hull, City of",Yorkshire and the Humber,Yorkshire and the Humber,Unitary,Inadequate,40,20,913
811,2017-18,East Riding of Yorkshire,Yorkshire and the Humber,Yorkshire and the Humber,Unitary,Inadequate,37,18,556
812,2017-18,North East Lincolnshire,Yorkshire and the Humber,Yorkshire and the Humber,Unitary,Good,45,14,561
813,2017-18,North Lincolnshire,Yorkshire and the Humber,Yorkshire and the Humber,Unitary,Outstanding,31,18,447
815,2017-18,North Yorkshire,Yorkshire and the Humber,Yorkshire and the Humber,County,Outstanding,39,15,378
816,2017-18,York,Yorkshire and the Humber,Yorkshire and the Humber,Unitary,Good,33,19,302
821,2017-18,Luton,East of England,East of England,Unitary,Inadequate,23,21,598
822,2017-18,Bedford Borough,East of England,East of England,Unitary,Requires improvement to be good,41,12,390
823,2017-18,Central Bedfordshire,East of England,East of England,Unitary,Good,34,15,368
825,2017-18,Buckinghamshire,South East,South East,County,Inadequate,30,28,680
826,2017-18,Milton Keynes,South East,South East,Unitary,Requires improvement to be good,19,20,327
830,2017-18,Derbyshire,East Midlands,East Midlands,County,Requires improvement to be good,31,18,512
831,2017-18,Derby,East Midlands,East Midlands,Unitary,Good,29,19,793
835,2017-18,Dorset,South West,South West,County,,28,26,561
836,2017-18,Poole,South West,South West,Unitary,-,32,15,411
837,2017-18,Bournemouth,South West,South West,Unitary,-,37,22,465
840,2017-18,Durham,North East,North East,Unitary,Requires improvement to be good,40,16,485
841,2017-18,Darlington,North East,North East,Unitary,Requires improvement to be good,23,24,408
845,2017-18,East Sussex,South East,South East,County,Outstanding,39,17,338
846,2017-18,Brighton and Hove,South East,South East,Unitary,Good,28,26,530
850,2017-18,Hampshire,South East,South East,County,Outstanding,14,28,623
851,2017-18,Portsmouth,South East,South East,Unitary,Good,18,22,722
852,2017-18,Southampton,South East,South East,Unitary,Requires improvement to be good,37,20,461
855,2017-18,Leicestershire,East Midlands,East Midlands,County,Requires improvement to be good,24,29,321
856,2017-18,Leicester,East Midlands,East Midlands,Unitary,Requires improvement to be good,35,16,467
857,2017-18,Rutland,East Midlands,East Midlands,Unitary,Requires improvement to be good,44,19,507
860,2017-18,Staffordshire,West Midlands,West Midlands,County,Good,27,19,591
861,2017-18,Stoke-on-Trent,West Midlands,West Midlands,Unitary,Inadequate,39,22,857
865,2017-18,Wiltshire,South West,South West,Unitary,Good,24,17,398
866,2017-18,Swindon,South West,South West,Unitary,Good,31,23,631
867,2017-18,Bracknell Forest,South East,South East,Unitary,Good,26,22,595
868,2017-18,Windsor and Maidenhead,South East,South East,Unitary,Good,44,15,270
869,2017-18,West Berkshire,South East,South East,Unitary,Good,31,25,497
870,2017-18,Reading,South East,South East,Unitary,Requires improvement to be good,32,22,752
871,2017-18,Slough,South East,South East,Unitary,Requires improvement to be good,43,24,365
872,2017-18,Wokingham,South East,South East,Unitary,Requires improvement to be good,33,16,283
873,2017-18,Cambridgeshire,East of England,East of England,County,Requires improvement to be good,8,15,457
874,2017-18,Peterborough,East of England,East of England,Unitary,Good,34,18,589
876,2017-18,Halton,North West,North West,Unitary,Requires improvement to be good,40,8,477
877,2017-18,Warrington,North West,North West,Unitary,Good,38,17,396
878,2017-18,Devon,South West,South West,County,Inadequate,37,18,340
879,2017-18,Plymouth,South West,South West,Unitary,Requires improvement to be good,35,27,798
880,2017-18,Torbay,South West,South West,Unitary,Inadequate,32,24,742
881,2017-18,Essex,East of England,East of England,County,Outstanding,31,16,283
882,2017-18,Southend-on-Sea,East of England,East of England,Unitary,Requires improvement to be good,27,24,620
883,2017-18,Thurrock,East of England,East of England,Unitary,Good,35,10,474
884,2017-18,Herefordshire,West Midlands,West Midlands,Unitary,Requires improvement to be good,38,16,367
885,2017-18,Worcestershire,West Midlands,West Midlands,County,Requires improvement to be good,25,24,509
886,2017-18,Kent,South East,South East,County,Good,34,22,560
887,2017-18,Medway,South East,South East,Unitary,Inadequate,41,17,392
888,2017-18,Lancashire,North West,North West,County,Requires improvement to be good,30,19,599
889,2017-18,Blackburn with Darwen,North West,North West,Unitary,Good,26,17,781
890,2017-18,Blackpool,North West,North West,Unitary,Inadequate,26,24,1012
891,2017-18,Nottinghamshire,East Midlands,East Midlands,County,Good,28,22,581
892,2017-18,Nottingham,East Midlands,East Midlands,Unitary,Requires improvement to be good,32,22,907
893,2017-18,Shropshire,West Midlands,West Midlands,Unitary,Good,15,12,501
894,2017-18,Telford and Wrekin,West Midlands,West Midlands,Unitary,Outstanding,27,20,596
895,2017-18,Cheshire East,North West,North West,Unitary,Requires improvement to be good,25,21,409
896,2017-18,Cheshire West and Chester,North West,North West,Unitary,Good,27,18,422
908,2017-18,Cornwall,South West,South West,Unitary,Outstanding,38,15,460
909,2017-18,Cumbria,North West,North West,County,Requires improvement to be good,33,19,524
916,2017-18,Gloucestershire,South West,South West,County,Inadequate,30,28,653
919,2017-18,Hertfordshire,East of England,East of England,County,Good,31,13,243
921,2017-18,Isle of Wight,South East,South East,Unitary,Good,18,28,1069
925,2017-18,Lincolnshire,East Midlands,East Midlands,County,Outstanding,18,21,511
926,2017-18,Norfolk,East of England,East of England,County,Requires improvement to be good,39,19,493
928,2017-18,Northamptonshire,East Midlands,East Midlands,County,Inadequate,29,27,331
929,2017-18,Northumberland,North East,North East,Unitary,Good,28,17,735
931,2017-18,Oxfordshire,South East,South East,County,Good,44,18,404
933,2017-18,Somerset,South West,South West,County,Requires improvement to be good,28,21,507
935,2017-18,Suffolk,East of England,East of England,County,Outstanding,34,22,394
936,2017-18,Surrey,South East,South East,County,Inadequate,36,26,483
937,2017-18,Warwickshire,West Midlands,West Midlands,County,Requires improvement to be good,37,35,543
938,2017-18,West Sussex,South East,South East,County,Inadequate,2,25,577
839,2017-18,"Bournemouth, Christchurch and Poole",South West,South West,Unitary,Not yet inspected,69,19,438
201,2016-17,City of London,London,Inner London,City of London Corporation,Outstanding,37,17,670
202,2016-17,Camden,London,Inner London,London borough,Good,32,9,365
203,2016-17,Greenwich,London,Outer London,London borough,Good,43,13,520
204,2016-17,Hackney,London,Inner London,London borough,Requires improvement to be good,43,13,588
205,2016-17,Hammersmith and Fulham,London,Inner London,London borough,Good,42,10,531
206,2016-17,Islington,London,Inner London,London borough,Outstanding,37,21,684
207,2016-17,Kensington and Chelsea,London,Inner London,London borough,Outstanding,28,23,537
208,2016-17,Lambeth,London,Inner London,London borough,Requires improvement to be good,19,16,253
209,2016-17,Lewisham,London,Inner London,London borough,Requires improvement to be good,33,12,391
210,2016-17,Southwark,London,Inner London,London borough,Good,44,18,530
211,2016-17,Tower Hamlets,London,Inner London,London borough,Good,35,14,329
212,2016-17,Wandsworth,London,Inner London,London borough,Requires improvement to be good,32,21,452
213,2016-17,Westminster,London,Inner London,London borough,Outstanding,38,10,289
301,2016-17,Barking and Dagenham,London,Outer London,London borough,Requires improvement to be good,38,13,382
302,2016-17,Barnet,London,Outer London,London borough,Good,32,19,473
303,2016-17,Bexley,London,Outer London,London borough,Outstanding,27,22,553
304,2016-17,Brent,London,Outer London,London borough,Good,31,8,491
305,2016-17,Bromley,London,Outer London,London borough,Good,40,17,369
306,2016-17,Croydon,London,Outer London,London borough,Good,32,18,384
307,2016-17,Ealing,London,Outer London,London borough,Requires improvement to be good,41,15,455
308,2016-17,Enfield,London,Outer London,London borough,Good,29,18,515
309,2016-17,Haringey,London,Inner London,London borough,Requires improvement to be good,36,16,457
310,2016-17,Harrow,London,Outer London,London borough,Good,34,13,499
311,2016-17,Havering,London,Outer London,London borough,Good,36,12,402
312,2016-17,Hillingdon,London,Outer London,London borough,Good,13,19,584
313,2016-17,Hounslow,London,Outer London,London borough,Good,20,21,548
314,2016-17,Kingston upon Thames,London,Outer London,London borough,Outstanding,29,12,505
315,2016-17,Merton,London,Outer London,London borough,Good,33,5,356
316,2016-17,Newham,London,Inner London,London borough,Inadequate,44,18,515
317,2016-17,Redbridge,London,Outer London,London borough,Outstanding,26,17,590
318,2016-17,Richmond upon Thames,London,Outer London,London borough,Good,41,17,469
319,2016-17,Sutton,London,Outer London,London borough,Good,31,18,495
320,2016-17,Waltham Forest,London,Outer London,London borough,Good,29,11,478
330,2016-17,Birmingham,West Midlands,West Midlands,Metropolitan borough council,Requires improvement to be good,19,21,542
331,2016-17,Coventry,West Midlands,West Midlands,Metropolitan borough council,Requires improvement to be good,27,23,598
332,2016-17,Dudley,West Midlands,West Midlands,Metropolitan borough council,Requires improvement to be good,17,26,763
333,2016-17,Sandwell,West Midlands,West Midlands,Metropolitan borough council,Inadequate,30,16,542
334,2016-17,Solihull,West Midlands,West Midlands,Metropolitan borough council,Requires improvement to be good,0,22,473
335,2016-17,Walsall,West Midlands,West Midlands,Metropolitan borough council,Requires improvement to be good,17,21,647
336,2016-17,Wolverhampton,West Midlands,West Midlands,Metropolitan borough council,Good,24,22,752
340,2016-17,Knowsley,North West,North West,Metropolitan borough council,Requires improvement to be good,23,29,867
341,2016-17,Liverpool,North West,North West,Metropolitan borough council,Requires improvement to be good,28,24,800
342,2016-17,St. Helens,North West,North West,Metropolitan borough council,Inadequate,32,16,690
343,2016-17,Sefton,North West,North West,Metropolitan borough council,Requires improvement to be good,39,22,605
344,2016-17,Wirral,North West,North West,Metropolitan borough council,Requires improvement to be good,27,20,572
350,2016-17,Bolton,North West,North West,Metropolitan borough council,Good,26,19,668
351,2016-17,Bury,North West,North West,Metropolitan borough council,Requires improvement to be good,36,22,608
352,2016-17,Manchester,North West,North West,Metropolitan borough council,Requires improvement to be good,36,25,867
353,2016-17,Oldham,North West,North West,Metropolitan borough council,Requires improvement to be good,36,14,479
354,2016-17,Rochdale,North West,North West,Metropolitan borough council,Requires improvement to be good,28,15,566
355,2016-17,Salford,North West,North West,Metropolitan borough council,Good,35,22,668
356,2016-17,Stockport,North West,North West,Metropolitan borough council,Good,39,20,487
357,2016-17,Tameside,North West,North West,Metropolitan borough council,Requires improvement to be good,35,14,558
358,2016-17,Trafford,North West,North West,Metropolitan borough council,Inadequate,14,24,262
359,2016-17,Wigan,North West,North West,Metropolitan borough council,Good,30,22,675
370,2016-17,Barnsley,Yorkshire and the Humber,Yorkshire and the Humber,Metropolitan borough council,Good,37,18,356
371,2016-17,Doncaster,Yorkshire and the Humber,Yorkshire and the Humber,Metropolitan borough council,Good,32,25,915
372,2016-17,Rotherham,Yorkshire and the Humber,Yorkshire and the Humber,Metropolitan borough council,Good,24,25,1012
373,2016-17,Sheffield,Yorkshire and the Humber,Yorkshire and the Humber,Metropolitan borough council,Good,39,20,458
380,2016-17,Bradford,Yorkshire and the Humber,Yorkshire and the Humber,Metropolitan borough council,Inadequate,15,15,725
381,2016-17,Calderdale,Yorkshire and the Humber,Yorkshire and the Humber,Metropolitan borough council,Good,21,21,686
382,2016-17,Kirklees,Yorkshire and the Humber,Yorkshire and the Humber,Metropolitan borough council,Requires improvement to be good,39,24,440
383,2016-17,Leeds,Yorkshire and the Humber,Yorkshire and the Humber,Metropolitan borough council,Outstanding,34,22,642
384,2016-17,Wakefield,Yorkshire and the Humber,Yorkshire and the Humber,Metropolitan borough council,Inadequate,38,26,413
390,2016-17,Gateshead,North East,North East,Metropolitan borough council,Good,43,15,540
391,2016-17,Newcastle upon Tyne,North East,North East,Metropolitan borough council,Requires improvement to be good,41,13,556
392,2016-17,North Tyneside,North East,North East,Metropolitan borough council,Outstanding,25,18,412
393,2016-17,South Tyneside,North East,North East,Metropolitan borough council,Good,32,21,658
394,2016-17,Sunderland,North East,North East,Metropolitan borough council,Inadequate,43,21,779
800,2016-17,Bath and North East Somerset,South West,South West,Unitary,Good,31,19,380
801,2016-17,"Bristol, City of",South West,South West,Unitary,Requires improvement to be good,15,22,518
802,2016-17,North Somerset,South West,South West,Unitary,Requires improvement to be good,44,21,351
803,2016-17,South Gloucestershire,South West,South West,Unitary,Requires improvement to be good,27,22,378
805,2016-17,Hartlepool,North East,North East,Unitary,Good,38,10,638
806,2016-17,Middlesbrough,North East,North East,Unitary,Inadequate,41,17,855
807,2016-17,Redcar and Cleveland,North East,North East,Unitary,Requires improvement to be good,33,14,573
808,2016-17,Stockton-on-Tees,North East,North East,Unitary,Requires improvement to be good,42,19,713
810,2016-17,"Kingston Upon Hull, City of",Yorkshire and the Humber,Yorkshire and the Humber,Unitary,Inadequate,38,19,696
811,2016-17,East Riding of Yorkshire,Yorkshire and the Humber,Yorkshire and the Humber,Unitary,Inadequate,42,19,467
812,2016-17,North East Lincolnshire,Yorkshire and the Humber,Yorkshire and the Humber,Unitary,Good,42,9,568
813,2016-17,North Lincolnshire,Yorkshire and the Humber,Yorkshire and the Humber,Unitary,Outstanding,24,19,537
815,2016-17,North Yorkshire,Yorkshire and the Humber,Yorkshire and the Humber,County,Outstanding,41,15,350
816,2016-17,York,Yorkshire and the Humber,Yorkshire and the Humber,Unitary,Good,37,13,289
821,2016-17,Luton,East of England,East of England,Unitary,Inadequate,19,19,647
822,2016-17,Bedford Borough,East of England,East of England,Unitary,Requires improvement to be good,36,13,461
823,2016-17,Central Bedfordshire,East of England,East of England,Unitary,Good,28,19,349
825,2016-17,Buckinghamshire,South East,South East,County,Inadequate,28,30,546
826,2016-17,Milton Keynes,South East,South East,Unitary,Requires improvement to be good,25,19,374
830,2016-17,Derbyshire,East Midlands,East Midlands,County,Requires improvement to be good,31,19,525
831,2016-17,Derby,East Midlands,East Midlands,Unitary,Good,23,21,765
835,2016-17,Dorset,South West,South West,County,,30,25,566
836,2016-17,Poole,South West,South West,Unitary,-,21,19,418
837,2016-17,Bournemouth,South West,South West,Unitary,-,38,26,295
840,2016-17,Durham,North East,North East,Unitary,Requires improvement to be good,39,17,423
841,2016-17,Darlington,North East,North East,Unitary,Requires improvement to be good,23,37,571
845,2016-17,East Sussex,South East,South East,County,Outstanding,37,14,296
846,2016-17,Brighton and Hove,South East,South East,Unitary,Good,33,24,590
850,2016-17,Hampshire,South East,South East,County,Outstanding,17,29,701
851,2016-17,Portsmouth,South East,South East,Unitary,Good,19,24,671
852,2016-17,Southampton,South East,South East,Unitary,Requires improvement to be good,34,26,533
855,2016-17,Leicestershire,East Midlands,East Midlands,County,Requires improvement to be good,17,16,184
856,2016-17,Leicester,East Midlands,East Midlands,Unitary,Requires improvement to be good,26,17,371
857,2016-17,Rutland,East Midlands,East Midlands,Unitary,Requires improvement to be good,34,16,473
860,2016-17,Staffordshire,West Midlands,West Midlands,County,Good,27,19,622
861,2016-17,Stoke-on-Trent,West Midlands,West Midlands,Unitary,Inadequate,38,23,904
865,2016-17,Wiltshire,South West,South West,Unitary,Good,23,19,465
866,2016-17,Swindon,South West,South West,Unitary,Good,38,26,605
867,2016-17,Bracknell Forest,South East,South East,Unitary,Good,25,23,494
868,2016-17,Windsor and Maidenhead,South East,South East,Unitary,Good,42,11,195
869,2016-17,West Berkshire,South East,South East,Unitary,Good,33,21,417
870,2016-17,Reading,South East,South East,Unitary,Requires improvement to be good,35,27,803
871,2016-17,Slough,South East,South East,Unitary,Requires improvement to be good,38,24,565
872,2016-17,Wokingham,South East,South East,Unitary,Requires improvement to be good,26,18,229
873,2016-17,Cambridgeshire,East of England,East of England,County,Requires improvement to be good,35,17,423
874,2016-17,Peterborough,East of England,East of England,Unitary,Good,35,27,490
876,2016-17,Halton,North West,North West,Unitary,Requires improvement to be good,39,7,408
877,2016-17,Warrington,North West,North West,Unitary,Good,35,14,448
878,2016-17,Devon,South West,South West,County,Inadequate,28,19,392
879,2016-17,Plymouth,South West,South West,Unitary,Requires improvement to be good,33,28,746
880,2016-17,Torbay,South West,South West,Unitary,Inadequate,20,24,399
881,2016-17,Essex,East of England,East of England,County,Outstanding,23,20,293
882,2016-17,Southend-on-Sea,East of England,East of England,Unitary,Requires improvement to be good,38,16,519
883,2016-17,Thurrock,East of England,East of England,Unitary,Good,34,13,582
884,2016-17,Herefordshire,West Midlands,West Midlands,Unitary,Requires improvement to be good,16,15,467
885,2016-17,Worcestershire,West Midlands,West Midlands,County,Requires improvement to be good,28,20,530
886,2016-17,Kent,South East,South East,County,Good,30,22,492
887,2016-17,Medway,South East,South East,Unitary,Inadequate,32,16,443
888,2016-17,Lancashire,North West,North West,County,Requires improvement to be good,28,20,669
889,2016-17,Blackburn with Darwen,North West,North West,Unitary,Good,33,14,876
890,2016-17,Blackpool,North West,North West,Unitary,Inadequate,30,24,1046
891,2016-17,Nottinghamshire,East Midlands,East Midlands,County,Good,19,24,556
892,2016-17,Nottingham,East Midlands,East Midlands,Unitary,Requires improvement to be good,22,26,631
893,2016-17,Shropshire,West Midlands,West Midlands,Unitary,Good,21,14,226
894,2016-17,Telford and Wrekin,West Midlands,West Midlands,Unitary,Outstanding,37,21,823
895,2016-17,Cheshire East,North West,North West,Unitary,Requires improvement to be good,23,25,544
896,2016-17,Cheshire West and Chester,North West,North West,Unitary,Good,28,20,437
908,2016-17,Cornwall,South West,South West,Unitary,Outstanding,33,15,285
909,2016-17,Cumbria,North West,North West,County,Requires improvement to be good,29,21,480
916,2016-17,Gloucestershire,South West,South West,County,Inadequate,25,24,580
919,2016-17,Hertfordshire,East of England,East of England,County,Good,31,15,252
921,2016-17,Isle of Wight,South East,South East,Unitary,Good,20,28,1067
925,2016-17,Lincolnshire,East Midlands,East Midlands,County,Outstanding,35,16,474
926,2016-17,Norfolk,East of England,East of England,County,Requires improvement to be good,31,23,488
928,2016-17,Northamptonshire,East Midlands,East Midlands,County,Inadequate,16,33,568
929,2016-17,Northumberland,North East,North East,Unitary,Good,31,23,734
931,2016-17,Oxfordshire,South East,South East,County,Good,44,18,471
933,2016-17,Somerset,South West,South West,County,Requires improvement to be good,26,19,450
935,2016-17,Suffolk,East of England,East of England,County,Outstanding,30,21,432
936,2016-17,Surrey,South East,South East,County,Inadequate,36,24,464
937,2016-17,Warwickshire,West Midlands,West Midlands,County,Requires improvement to be good,31,31,392
938,2016-17,West Sussex,South East,South East,County,Inadequate,5,23,444
839,2016-17,"Bournemouth, Christchurch and Poole",South West,South West,Unitary,Not yet inspected,59,22,356
201,2015-16,City of London,,,City of London Corporation,Outstanding,35,0,491
202,2015-16,Camden,,,London borough,Good,33,13,371
203,2015-16,Greenwich,,,London borough,Good,41,15,515
204,2015-16,Hackney,,,London borough,Requires improvement to be good,43,13,562
205,2015-16,Hammersmith and Fulham,,,London borough,Good,40,14,435
206,2015-16,Islington,,,London borough,Outstanding,37,12,655
207,2015-16,Kensington and Chelsea,,,London borough,Outstanding,25,22,367
208,2015-16,Lambeth,,,London borough,Requires improvement to be good,27,16,377
209,2015-16,Lewisham,,,London borough,Requires improvement to be good,33,13,395
210,2015-16,Southwark,,,London borough,Good,41,14,341
211,2015-16,Tower Hamlets,,,London borough,Good,15,9,302
212,2015-16,Wandsworth,,,London borough,Requires improvement to be good,34,19,346
213,2015-16,Westminster,,,London borough,Outstanding,38,10,336
301,2015-16,Barking and Dagenham,,,London borough,Requires improvement to be good,37,15,420
302,2015-16,Barnet,,,London borough,Good,37,20,467
303,2015-16,Bexley,,,London borough,Outstanding,26,19,560
304,2015-16,Brent,,,London borough,Good,35,8,336
305,2015-16,Bromley,,,London borough,Good,34,19,292
306,2015-16,Croydon,,,London borough,Good,38,20,453
307,2015-16,Ealing,,,London borough,Requires improvement to be good,8,14,435
308,2015-16,Enfield,,,London borough,Good,29,18,500
309,2015-16,Haringey,,,London borough,Requires improvement to be good,36,15,359
310,2015-16,Harrow,,,London borough,Good,35,12,391
311,2015-16,Havering,,,London borough,Good,41,15,407
312,2015-16,Hillingdon,,,London borough,Good,15,19,531
313,2015-16,Hounslow,,,London borough,Good,22,17,520
314,2015-16,Kingston upon Thames,,,London borough,Outstanding,33,16,544
315,2015-16,Merton,,,London borough,Good,36,13,352
316,2015-16,Newham,,,London borough,Inadequate,40,14,639
317,2015-16,Redbridge,,,London borough,Outstanding,25,19,709
318,2015-16,Richmond upon Thames,,,London borough,Good,39,14,436
319,2015-16,Sutton,,,London borough,Good,33,16,424
320,2015-16,Waltham Forest,,,London borough,Good,22,13,435
330,2015-16,Birmingham,,,Metropolitan borough council,Requires improvement to be good,23,18,404
331,2015-16,Coventry,,,Metropolitan borough council,Requires improvement to be good,21,26,849
332,2015-16,Dudley,,,Metropolitan borough council,Requires improvement to be good,36,17,506
333,2015-16,Sandwell,,,Metropolitan borough council,Inadequate,34,11,331
334,2015-16,Solihull,,,Metropolitan borough council,Requires improvement to be good,32,24,237
335,2015-16,Walsall,,,Metropolitan borough council,Requires improvement to be good,13,24,676
336,2015-16,Wolverhampton,,,Metropolitan borough council,Good,28,20,632
340,2015-16,Knowsley,,,Metropolitan borough council,Requires improvement to be good,23,26,849
341,2015-16,Liverpool,,,Metropolitan borough council,Requires improvement to be good,21,23,744
342,2015-16,St. Helens,,,Metropolitan borough council,Inadequate,22,22,707
343,2015-16,Sefton,,,Metropolitan borough council,Requires improvement to be good,40,17,476
344,2015-16,Wirral,,,Metropolitan borough council,Requires improvement to be good,27,27,713
350,2015-16,Bolton,,,Metropolitan borough council,Good,22,19,600
351,2015-16,Bury,,,Metropolitan borough council,Requires improvement to be good,30,23,489
352,2015-16,Manchester,,,Metropolitan borough council,Requires improvement to be good,38,26,742
353,2015-16,Oldham,,,Metropolitan borough council,Requires improvement to be good,38,16,389
354,2015-16,Rochdale,,,Metropolitan borough council,Requires improvement to be good,25,19,629
355,2015-16,Salford,,,Metropolitan borough council,Good,35,22,534
356,2015-16,Stockport,,,Metropolitan borough council,Good,40,18,445
357,2015-16,Tameside,,,Metropolitan borough council,Requires improvement to be good,35,17,340
358,2015-16,Trafford,,,Metropolitan borough council,Inadequate,15,25,254
359,2015-16,Wigan,,,Metropolitan borough council,Good,27,24,776
370,2015-16,Barnsley,,,Metropolitan borough council,Good,42,25,499
371,2015-16,Doncaster,,,Metropolitan borough council,Good,28,22,781
372,2015-16,Rotherham,,,Metropolitan borough council,Good,22,27,709
373,2015-16,Sheffield,,,Metropolitan borough council,Good,32,27,418
380,2015-16,Bradford,,,Metropolitan borough council,Inadequate,16,13,575
381,2015-16,Calderdale,,,Metropolitan borough council,Good,20,23,703
382,2015-16,Kirklees,,,Metropolitan borough council,Requires improvement to be good,20,23,429
383,2015-16,Leeds,,,Metropolitan borough council,Outstanding,30,24,649
384,2015-16,Wakefield,,,Metropolitan borough council,Inadequate,15,61,191
390,2015-16,Gateshead,,,Metropolitan borough council,Good,42,14,551
391,2015-16,Newcastle upon Tyne,,,Metropolitan borough council,Requires improvement to be good,42,15,437
392,2015-16,North Tyneside,,,Metropolitan borough council,Outstanding,24,18,406
393,2015-16,South Tyneside,,,Metropolitan borough council,Good,36,21,669
394,2015-16,Sunderland,,,Metropolitan borough council,Inadequate,31,26,551
800,2015-16,Bath and North East Somerset,,,Unitary,Good,25,16,309
801,2015-16,"Bristol, City of",,,Unitary,Requires improvement to be good,16,24,462
802,2015-16,North Somerset,,,Unitary,Requires improvement to be good,40,16,282
803,2015-16,South Gloucestershire,,,Unitary,Requires improvement to be good,33,20,344
805,2015-16,Hartlepool,,,Unitary,Good,36,10,591
806,2015-16,Middlesbrough,,,Unitary,Inadequate,40,13,798
807,2015-16,Redcar and Cleveland,,,Unitary,Requires improvement to be good,30,10,559
808,2015-16,Stockton-on-Tees,,,Unitary,Requires improvement to be good,36,18,598
810,2015-16,"Kingston Upon Hull, City of",,,Unitary,Inadequate,47,15,642
811,2015-16,East Riding of Yorkshire,,,Unitary,Inadequate,41,17,417
812,2015-16,North East Lincolnshire,,,Unitary,Good,45,11,543
813,2015-16,North Lincolnshire,,,Unitary,Outstanding,40,21,434
815,2015-16,North Yorkshire,,,County,Outstanding,26,21,312
816,2015-16,York,,,Unitary,Good,41,10,166
821,2015-16,Luton,,,Unitary,Inadequate,30,17,561
822,2015-16,Bedford Borough,,,Unitary,Requires improvement to be good,40,10,545
823,2015-16,Central Bedfordshire,,,Unitary,Good,25,19,415
825,2015-16,Buckinghamshire,,,County,Inadequate,28,25,464
826,2015-16,Milton Keynes,,,Unitary,Requires improvement to be good,19,19,315
830,2015-16,Derbyshire,,,County,Requires improvement to be good,23,20,466
831,2015-16,Derby,,,Unitary,Good,26,13,491
835,2015-16,Dorset,,,County,,28,25,579
836,2015-16,Poole,,,Unitary,-,23,19,508
837,2015-16,Bournemouth,,,Unitary,-,30,18,511
840,2015-16,Durham,,,Unitary,Requires improvement to be good,35,20,518
841,2015-16,Darlington,,,Unitary,Requires improvement to be good,20,20,534
845,2015-16,East Sussex,,,County,Outstanding,43,14,235
846,2015-16,Brighton and Hove,,,Unitary,Good,47,30,561
850,2015-16,Hampshire,,,County,Outstanding,17,27,600
851,2015-16,Portsmouth,,,Unitary,Good,13,19,426
852,2015-16,Southampton,,,Unitary,Requires improvement to be good,22,19,619
855,2015-16,Leicestershire,,,County,Requires improvement to be good,11,18,152
856,2015-16,Leicester,,,Unitary,Requires improvement to be good,36,20,373
857,2015-16,Rutland,,,Unitary,Requires improvement to be good,28,33,182
860,2015-16,Staffordshire,,,County,Good,28,18,580
861,2015-16,Stoke-on-Trent,,,Unitary,Inadequate,40,21,932
865,2015-16,Wiltshire,,,Unitary,Good,27,19,519
866,2015-16,Swindon,,,Unitary,Good,35,26,640
867,2015-16,Bracknell Forest,,,Unitary,Good,18,16,391
868,2015-16,Windsor and Maidenhead,,,Unitary,Good,25,17,273
869,2015-16,West Berkshire,,,Unitary,Good,34,15,401
870,2015-16,Reading,,,Unitary,Requires improvement to be good,12,21,596
871,2015-16,Slough,,,Unitary,Requires improvement to be good,40,17,638
872,2015-16,Wokingham,,,Unitary,Requires improvement to be good,7,18,302
873,2015-16,Cambridgeshire,,,County,Requires improvement to be good,34,18,344
874,2015-16,Peterborough,,,Unitary,Good,31,27,670
876,2015-16,Halton,,,Unitary,Requires improvement to be good,40,11,467
877,2015-16,Warrington,,,Unitary,Good,33,19,326
878,2015-16,Devon,,,County,Inadequate,30,19,530
879,2015-16,Plymouth,,,Unitary,Requires improvement to be good,32,33,761
880,2015-16,Torbay,,,Unitary,Inadequate,18,28,617
881,2015-16,Essex,,,County,Outstanding,20,25,396
882,2015-16,Southend-on-Sea,,,Unitary,Requires improvement to be good,28,19,380
883,2015-16,Thurrock,,,Unitary,Good,40,16,712
884,2015-16,Herefordshire,,,Unitary,Requires improvement to be good,2,21,569
885,2015-16,Worcestershire,,,County,Requires improvement to be good,26,18,578
886,2015-16,Kent,,,County,Good,29,20,498
887,2015-16,Medway,,,Unitary,Inadequate,42,16,494
888,2015-16,Lancashire,,,County,Requires improvement to be good,35,15,582
889,2015-16,Blackburn with Darwen,,,Unitary,Good,34,21,618
890,2015-16,Blackpool,,,Unitary,Inadequate,23,20,565
891,2015-16,Nottinghamshire,,,County,Good,8,23,498
892,2015-16,Nottingham,,,Unitary,Requires improvement to be good,26,22,744
893,2015-16,Shropshire,,,Unitary,Good,45,19,247
894,2015-16,Telford and Wrekin,,,Unitary,Outstanding,42,16,508
895,2015-16,Cheshire East,,,Unitary,Requires improvement to be good,22,21,560
896,2015-16,Cheshire West and Chester,,,Unitary,Good,26,18,414
908,2015-16,Cornwall,,,Unitary,Outstanding,28,16,337
909,2015-16,Cumbria,,,County,Requires improvement to be good,29,23,513
916,2015-16,Gloucestershire,,,County,Inadequate,22,24,583
919,2015-16,Hertfordshire,,,County,Good,32,15,256
921,2015-16,Isle of Wight,,,Unitary,Good,19,32,945
925,2015-16,Lincolnshire,,,County,Outstanding,37,10,393
926,2015-16,Norfolk,,,County,Requires improvement to be good,21,23,557
928,2015-16,Northamptonshire,,,County,Inadequate,14,34,674
929,2015-16,Northumberland,,,Unitary,Good,34,28,997
931,2015-16,Oxfordshire,,,County,Good,35,23,389
933,2015-16,Somerset,,,County,Requires improvement to be good,33,22,404
935,2015-16,Suffolk,,,County,Outstanding,26,22,481
936,2015-16,Surrey,,,County,Inadequate,40,23,474
937,2015-16,Warwickshire,,,County,Requires improvement to be good,19,23,362
938,2015-16,West Sussex,,,County,Inadequate,6,23,438
839,2015-16,"Bournemouth, Christchurch and Poole",South West,South West,Unitary,Not yet inspected,53,19,509
201,2014-15,City of London,,,City of London Corporation,Outstanding,21,0,196
202,2014-15,Camden,,,London borough,Good,33,16,408
203,2014-15,Greenwich,,,London borough,Good,30,11,501
204,2014-15,Hackney,,,London borough,Requires improvement to be good,50,13,524
205,2014-15,Hammersmith and Fulham,,,London borough,Good,39,17,557
206,2014-15,Islington,,,London borough,Outstanding,42,12,626
207,2014-15,Kensington and Chelsea,,,London borough,Outstanding,22,24,397
208,2014-15,Lambeth,,,London borough,Requires improvement to be good,30,13,441
209,2014-15,Lewisham,,,London borough,Requires improvement to be good,34,13,417
210,2014-15,Southwark,,,London borough,Good,44,11,281
211,2014-15,Tower Hamlets,,,London borough,Good,13,10,331
212,2014-15,Wandsworth,,,London borough,Requires improvement to be good,22,14,341
213,2014-15,Westminster,,,London borough,Outstanding,37,9,370
301,2014-15,Barking and Dagenham,,,London borough,Requires improvement to be good,38,16,502
302,2014-15,Barnet,,,London borough,Good,19,22,450
303,2014-15,Bexley,,,London borough,Outstanding,24,17,508
304,2014-15,Brent,,,London borough,Good,36,8,332
305,2014-15,Bromley,,,London borough,Good,31,17,254
306,2014-15,Croydon,,,London borough,Good,30,15,385
307,2014-15,Ealing,,,London borough,Requires improvement to be good,42,15,525
308,2014-15,Enfield,,,London borough,Good,25,16,393
309,2014-15,Haringey,,,London borough,Requires improvement to be good,19,13,405
310,2014-15,Harrow,,,London borough,Good,35,11,311
311,2014-15,Havering,,,London borough,Good,41,5,255
312,2014-15,Hillingdon,,,London borough,Good,26,19,552
313,2014-15,Hounslow,,,London borough,Good,21,23,465
314,2014-15,Kingston upon Thames,,,London borough,Outstanding,14,19,548
315,2014-15,Merton,,,London borough,Good,36,14,363
316,2014-15,Newham,,,London borough,Inadequate,44,18,673
317,2014-15,Redbridge,,,London borough,Outstanding,24,17,666
318,2014-15,Richmond upon Thames,,,London borough,Good,31,14,450
319,2014-15,Sutton,,,London borough,Good,43,21,367
320,2014-15,Waltham Forest,,,London borough,Good,22,16,524
330,2014-15,Birmingham,,,Metropolitan borough council,Requires improvement to be good,30,20,653
331,2014-15,Coventry,,,Metropolitan borough council,Requires improvement to be good,27,21,1098
332,2014-15,Dudley,,,Metropolitan borough council,Requires improvement to be good,12,17,313
333,2014-15,Sandwell,,,Metropolitan borough council,Inadequate,33,12,229
334,2014-15,Solihull,,,Metropolitan borough council,Requires improvement to be good,39,23,389
335,2014-15,Walsall,,,Metropolitan borough council,Requires improvement to be good,10,36,933
336,2014-15,Wolverhampton,,,Metropolitan borough council,Good,30,25,466
340,2014-15,Knowsley,,,Metropolitan borough council,Requires improvement to be good,25,29,697
341,2014-15,Liverpool,,,Metropolitan borough council,Requires improvement to be good,18,24,798
342,2014-15,St. Helens,,,Metropolitan borough council,Inadequate,10,29,743
343,2014-15,Sefton,,,Metropolitan borough council,Requires improvement to be good,20,26,523
344,2014-15,Wirral,,,Metropolitan borough council,Requires improvement to be good,29,22,570
350,2014-15,Bolton,,,Metropolitan borough council,Good,19,22,609
351,2014-15,Bury,,,Metropolitan borough council,Requires improvement to be good,34,24,802
352,2014-15,Manchester,,,Metropolitan borough council,Requires improvement to be good,30,29,716
353,2014-15,Oldham,,,Metropolitan borough council,Requires improvement to be good,33,14,136
354,2014-15,Rochdale,,,Metropolitan borough council,Requires improvement to be good,28,23,841
355,2014-15,Salford,,,Metropolitan borough council,Good,35,21,504
356,2014-15,Stockport,,,Metropolitan borough council,Good,34,21,338
357,2014-15,Tameside,,,Metropolitan borough council,Requires improvement to be good,34,15,318
358,2014-15,Trafford,,,Metropolitan borough council,Inadequate,15,27,270
359,2014-15,Wigan,,,Metropolitan borough council,Good,23,23,704
370,2014-15,Barnsley,,,Metropolitan borough council,Good,39,20,461
371,2014-15,Doncaster,,,Metropolitan borough council,Good,27,26,560
372,2014-15,Rotherham,,,Metropolitan borough council,Good,35,21,739
373,2014-15,Sheffield,,,Metropolitan borough council,Good,37,35,456
380,2014-15,Bradford,,,Metropolitan borough council,Inadequate,25,15,404
381,2014-15,Calderdale,,,Metropolitan borough council,Good,17,25,772
382,2014-15,Kirklees,,,Metropolitan borough council,Requires improvement to be good,17,21,381
383,2014-15,Leeds,,,Metropolitan borough council,Outstanding,29,24,697
384,2014-15,Wakefield,,,Metropolitan borough council,Inadequate,20,40,703
390,2014-15,Gateshead,,,Metropolitan borough council,Good,42,15,498
391,2014-15,Newcastle upon Tyne,,,Metropolitan borough council,Requires improvement to be good,26,20,485
392,2014-15,North Tyneside,,,Metropolitan borough council,Outstanding,13,24,432
394,2014-15,Sunderland,,,Metropolitan borough council,Inadequate,17,18,532
800,2014-15,Bath and North East Somerset,,,Unitary,Good,22,22,295
801,2014-15,"Bristol, City of",,,Unitary,Requires improvement to be good,12,28,448
802,2014-15,North Somerset,,,Unitary,Requires improvement to be good,43,18,381
803,2014-15,South Gloucestershire,,,Unitary,Requires improvement to be good,21,22,456
805,2014-15,Hartlepool,,,Unitary,Good,30,13,724
806,2014-15,Middlesbrough,,,Unitary,Inadequate,35,15,751
807,2014-15,Redcar and Cleveland,,,Unitary,Requires improvement to be good,31,19,442
808,2014-15,Stockton-on-Tees,,,Unitary,Requires improvement to be good,30,25,652
810,2014-15,"Kingston Upon Hull, City of",,,Unitary,Inadequate,46,17,697
811,2014-15,East Riding of Yorkshire,,,Unitary,Inadequate,38,17,404
812,2014-15,North East Lincolnshire,,,Unitary,Good,35,20,536
813,2014-15,North Lincolnshire,,,Unitary,Outstanding,19,26,491
815,2014-15,North Yorkshire,,,County,Outstanding,18,24,427
816,2014-15,York,,,Unitary,Good,51,13,246
821,2014-15,Luton,,,Unitary,Inadequate,31,6,429
822,2014-15,Bedford Borough,,,Unitary,Requires improvement to be good,44,13,360
823,2014-15,Central Bedfordshire,,,Unitary,Good,22,22,428
825,2014-15,Buckinghamshire,,,County,Inadequate,27,26,520
826,2014-15,Milton Keynes,,,Unitary,Requires improvement to be good,17,23,306
830,2014-15,Derbyshire,,,County,Requires improvement to be good,16,23,393
831,2014-15,Derby,,,Unitary,Good,20,13,356
835,2014-15,Dorset,,,County,,29,20,504
836,2014-15,Poole,,,Unitary,-,13,19,458
837,2014-15,Bournemouth,,,Unitary,-,31,19,455
840,2014-15,Durham,,,Unitary,Requires improvement to be good,32,21,303
841,2014-15,Darlington,,,Unitary,Requires improvement to be good,11,16,360
845,2014-15,East Sussex,,,County,Outstanding,45,22,255
846,2014-15,Brighton and Hove,,,Unitary,Good,45,33,544
850,2014-15,Hampshire,,,County,Outstanding,21,30,607
851,2014-15,Portsmouth,,,Unitary,Good,11,19,335
852,2014-15,Southampton,,,Unitary,Requires improvement to be good,15,51,435
855,2014-15,Leicestershire,,,County,Requires improvement to be good,23,23,282
856,2014-15,Leicester,,,Unitary,Requires improvement to be good,40,26,346
857,2014-15,Rutland,,,Unitary,Requires improvement to be good,28,12,261
860,2014-15,Staffordshire,,,County,Good,31,18,545
861,2014-15,Stoke-on-Trent,,,Unitary,Inadequate,39,19,828
865,2014-15,Wiltshire,,,Unitary,Good,30,17,429
866,2014-15,Swindon,,,Unitary,Good,30,19,545
867,2014-15,Bracknell Forest,,,Unitary,Good,12,20,355
868,2014-15,Windsor and Maidenhead,,,Unitary,Good,35,17,233
869,2014-15,West Berkshire,,,Unitary,Good,28,23,249
870,2014-15,Reading,,,Unitary,Requires improvement to be good,23,20,335
871,2014-15,Slough,,,Unitary,Requires improvement to be good,26,20,472
872,2014-15,Wokingham,,,Unitary,Requires improvement to be good,7,26,241
873,2014-15,Cambridgeshire,,,County,Requires improvement to be good,34,19,368
874,2014-15,Peterborough,,,Unitary,Good,31,17,639
876,2014-15,Halton,,,Unitary,Requires improvement to be good,39,17,711
877,2014-15,Warrington,,,Unitary,Good,32,19,317
878,2014-15,Devon,,,County,Inadequate,34,22,576
879,2014-15,Plymouth,,,Unitary,Requires improvement to be good,23,32,759
880,2014-15,Torbay,,,Unitary,Inadequate,16,24,593
881,2014-15,Essex,,,County,Outstanding,20,26,398
882,2014-15,Southend-on-Sea,,,Unitary,Requires improvement to be good,22,21,378
883,2014-15,Thurrock,,,Unitary,Good,33,14,579
884,2014-15,Herefordshire,,,Unitary,Requires improvement to be good,4,37,354
885,2014-15,Worcestershire,,,County,Requires improvement to be good,43,13,426
886,2014-15,Kent,,,County,Good,36,26,481
887,2014-15,Medway,,,Unitary,Inadequate,39,21,592
888,2014-15,Lancashire,,,County,Requires improvement to be good,35,26,548
889,2014-15,Blackburn with Darwen,,,Unitary,Good,30,15,561
890,2014-15,Blackpool,,,Unitary,Inadequate,6,34,613
891,2014-15,Nottinghamshire,,,County,Good,7,23,465
892,2014-15,Nottingham,,,Unitary,Requires improvement to be good,20,27,766
893,2014-15,Shropshire,,,Unitary,Good,40,24,281
894,2014-15,Telford and Wrekin,,,Unitary,Outstanding,48,17,403
895,2014-15,Cheshire East,,,Unitary,Requires improvement to be good,35,18,483
896,2014-15,Cheshire West and Chester,,,Unitary,Good,22,17,389
908,2014-15,Cornwall,,,Unitary,Outstanding,32,21,339
909,2014-15,Cumbria,,,County,Requires improvement to be good,31,32,554
916,2014-15,Gloucestershire,,,County,Inadequate,17,23,444
919,2014-15,Hertfordshire,,,County,Good,32,16,277
921,2014-15,Isle of Wight,,,Unitary,Good,23,33,801
925,2014-15,Lincolnshire,,,County,Outstanding,37,17,425
926,2014-15,Norfolk,,,County,Requires improvement to be good,23,17,443
928,2014-15,Northamptonshire,,,County,Inadequate,17,33,703
929,2014-15,Northumberland,,,Unitary,Good,35,28,822
931,2014-15,Oxfordshire,,,County,Good,34,23,267
933,2014-15,Somerset,,,County,Requires improvement to be good,0,25,415
935,2014-15,Suffolk,,,County,Outstanding,17,24,430
936,2014-15,Surrey,,,County,Inadequate,32,24,353
937,2014-15,Warwickshire,,,County,Requires improvement to be good,17,23,246
938,2014-15,West Sussex,,,County,Inadequate,6,21,307
839,2014-15,"Bournemouth, Christchurch and Poole",South West,South West,Unitary,Not yet inspected,44,19,457
201,2013-14,City of London,,,City of London Corporation,Outstanding,19,0,189
202,2013-14,Camden,,,London borough,Good,34,14,510
203,2013-14,Greenwich,,,London borough,Good,30,15,239
204,2013-14,Hackney,,,London borough,Requires improvement to be good,43,15,381
205,2013-14,Hammersmith and Fulham,,,London borough,Good,37,15,492
206,2013-14,Islington,,,London borough,Outstanding,43,20,702
207,2013-14,Kensington and Chelsea,,,London borough,Outstanding,10,20,437
208,2013-14,Lambeth,,,London borough,Requires improvement to be good,22,13,413
209,2013-14,Lewisham,,,London borough,Requires improvement to be good,28,11,105
210,2013-14,Southwark,,,London borough,Good,0,17,0
211,2013-14,Tower Hamlets,,,London borough,Good,31,11,400
212,2013-14,Wandsworth,,,London borough,Requires improvement to be good,23,13,256
213,2013-14,Westminster,,,London borough,Outstanding,35,6,376
301,2013-14,Barking and Dagenham,,,London borough,Requires improvement to be good,37,10,424
302,2013-14,Barnet,,,London borough,Good,11,21,31
303,2013-14,Bexley,,,London borough,Outstanding,17,28,135
304,2013-14,Brent,,,London borough,Good,9,10,131
305,2013-14,Bromley,,,London borough,Good,30,13,23
306,2013-14,Croydon,,,London borough,Good,29,15,219
307,2013-14,Ealing,,,London borough,Requires improvement to be good,42,14,464
308,2013-14,Enfield,,,London borough,Good,24,14,130
309,2013-14,Haringey,,,London borough,Requires improvement to be good,36,11,223
310,2013-14,Harrow,,,London borough,Good,11,11,391
311,2013-14,Havering,,,London borough,Good,43,11,203
312,2013-14,Hillingdon,,,London borough,Good,25,18,293
313,2013-14,Hounslow,,,London borough,Good,15,16,573
314,2013-14,Kingston upon Thames,,,London borough,Outstanding,0,20,0
315,2013-14,Merton,,,London borough,Good,35,10,341
316,2013-14,Newham,,,London borough,Inadequate,42,18,133
317,2013-14,Redbridge,,,London borough,Outstanding,0,18,0
318,2013-14,Richmond upon Thames,,,London borough,Good,15,12,25
319,2013-14,Sutton,,,London borough,Good,0,17,0
320,2013-14,Waltham Forest,,,London borough,Good,24,18,211
330,2013-14,Birmingham,,,Metropolitan borough council,Requires improvement to be good,22,13,229
331,2013-14,Coventry,,,Metropolitan borough council,Requires improvement to be good,34,17,459
332,2013-14,Dudley,,,Metropolitan borough council,Requires improvement to be good,0,18,0
333,2013-14,Sandwell,,,Metropolitan borough council,Inadequate,21,18,82
334,2013-14,Solihull,,,Metropolitan borough council,Requires improvement to be good,19,16,86
335,2013-14,Walsall,,,Metropolitan borough council,Requires improvement to be good,0,26,0
336,2013-14,Wolverhampton,,,Metropolitan borough council,Good,15,25,743
340,2013-14,Knowsley,,,Metropolitan borough council,Requires improvement to be good,16,34,933
341,2013-14,Liverpool,,,Metropolitan borough council,Requires improvement to be good,0,22,0
342,2013-14,St. Helens,,,Metropolitan borough council,Inadequate,0,23,0
343,2013-14,Sefton,,,Metropolitan borough council,Requires improvement to be good,0,31,0
344,2013-14,Wirral,,,Metropolitan borough council,Requires improvement to be good,0,20,0
350,2013-14,Bolton,,,Metropolitan borough council,Good,15,22,405
351,2013-14,Bury,,,Metropolitan borough council,Requires improvement to be good,0,24,0
352,2013-14,Manchester,,,Metropolitan borough council,Requires improvement to be good,33,29,457
353,2013-14,Oldham,,,Metropolitan borough council,Requires improvement to be good,4,17,4
354,2013-14,Rochdale,,,Metropolitan borough council,Requires improvement to be good,17,26,68
355,2013-14,Salford,,,Metropolitan borough council,Good,9,20,6
356,2013-14,Stockport,,,Metropolitan borough council,Good,25,19,178
357,2013-14,Tameside,,,Metropolitan borough council,Requires improvement to be good,23,21,346
358,2013-14,Trafford,,,Metropolitan borough council,Inadequate,11,29,76
359,2013-14,Wigan,,,Metropolitan borough council,Good,15,31,670
370,2013-14,Barnsley,,,Metropolitan borough council,Good,34,19,186
371,2013-14,Doncaster,,,Metropolitan borough council,Good,0,34,0
372,2013-14,Rotherham,,,Metropolitan borough council,Good,10,23,4
373,2013-14,Sheffield,,,Metropolitan borough council,Good,13,26,23
380,2013-14,Bradford,,,Metropolitan borough council,Inadequate,21,16,403
381,2013-14,Calderdale,,,Metropolitan borough council,Good,0,31,0
382,2013-14,Kirklees,,,Metropolitan borough council,Requires improvement to be good,0,22,0
383,2013-14,Leeds,,,Metropolitan borough council,Outstanding,26,22,232
384,2013-14,Wakefield,,,Metropolitan borough council,Inadequate,12,29,246
390,2013-14,Gateshead,,,Metropolitan borough council,Good,35,19,578
391,2013-14,Newcastle upon Tyne,,,Metropolitan borough council,Requires improvement to be good,0,17,0
392,2013-14,North Tyneside,,,Metropolitan borough council,Outstanding,0,24,0
393,2013-14,South Tyneside,,,Metropolitan borough council,Good,0,18,0
394,2013-14,Sunderland,,,Metropolitan borough council,Inadequate,0,20,0
800,2013-14,Bath and North East Somerset,,,Unitary,Good,21,22,232
801,2013-14,"Bristol, City of",,,Unitary,Requires improvement to be good,0,26,0
802,2013-14,North Somerset,,,Unitary,Requires improvement to be good,0,26,128
803,2013-14,South Gloucestershire,,,Unitary,Requires improvement to be good,15,20,54
805,2013-14,Hartlepool,,,Unitary,Good,22,16,55
806,2013-14,Middlesbrough,,,Unitary,Inadequate,26,15,95
807,2013-14,Redcar and Cleveland,,,Unitary,Requires improvement to be good,9,20,35
808,2013-14,Stockton-on-Tees,,,Unitary,Requires improvement to be good,12,22,44
810,2013-14,"Kingston Upon Hull, City of",,,Unitary,Inadequate,35,20,87
811,2013-14,East Riding of Yorkshire,,,Unitary,Inadequate,34,15,101
812,2013-14,North East Lincolnshire,,,Unitary,Good,0,18,0
813,2013-14,North Lincolnshire,,,Unitary,Outstanding,10,24,341
815,2013-14,North Yorkshire,,,County,Outstanding,0,23,0
816,2013-14,York,,,Unitary,Good,28,15,273
821,2013-14,Luton,,,Unitary,Inadequate,1,11,10
822,2013-14,Bedford Borough,,,Unitary,Requires improvement to be good,33,18,279
823,2013-14,Central Bedfordshire,,,Unitary,Good,28,20,157
825,2013-14,Buckinghamshire,,,County,Inadequate,19,33,349
826,2013-14,Milton Keynes,,,Unitary,Requires improvement to be good,4,24,2
830,2013-14,Derbyshire,,,County,Requires improvement to be good,0,29,0
831,2013-14,Derby,,,Unitary,Good,0,12,0
835,2013-14,Dorset,,,County,,25,18,356
836,2013-14,Poole,,,Unitary,-,0,16,0
837,2013-14,Bournemouth,,,Unitary,-,26,15,260
840,2013-14,Durham,,,Unitary,Requires improvement to be good,0,25,0
841,2013-14,Darlington,,,Unitary,Requires improvement to be good,0,15,0
845,2013-14,East Sussex,,,County,Outstanding,41,29,343
846,2013-14,Brighton and Hove,,,Unitary,Good,30,31,464
850,2013-14,Hampshire,,,County,Outstanding,17,27,208
851,2013-14,Portsmouth,,,Unitary,Good,0,23,0
852,2013-14,Southampton,,,Unitary,Requires improvement to be good,0,31,0
855,2013-14,Leicestershire,,,County,Requires improvement to be good,11,23,28
856,2013-14,Leicester,,,Unitary,Requires improvement to be good,38,28,161
857,2013-14,Rutland,,,Unitary,Requires improvement to be good,0,20,0
860,2013-14,Staffordshire,,,County,Good,20,11,175
861,2013-14,Stoke-on-Trent,,,Unitary,Inadequate,32,20,720
865,2013-14,Wiltshire,,,Unitary,Good,25,21,254
866,2013-14,Swindon,,,Unitary,Good,1,23,9
867,2013-14,Bracknell Forest,,,Unitary,Good,11,19,306
868,2013-14,Windsor and Maidenhead,,,Unitary,Good,15,19,2
870,2013-14,Reading,,,Unitary,Requires improvement to be good,11,17,69
871,2013-14,Slough,,,Unitary,Requires improvement to be good,39,19,266
872,2013-14,Wokingham,,,Unitary,Requires improvement to be good,3,25,143
873,2013-14,Cambridgeshire,,,County,Requires improvement to be good,29,21,9
874,2013-14,Peterborough,,,Unitary,Good,0,21,0
876,2013-14,Halton,,,Unitary,Requires improvement to be good,25,15,291
877,2013-14,Warrington,,,Unitary,Good,23,21,51
878,2013-14,Devon,,,County,Inadequate,18,16,14
879,2013-14,Plymouth,,,Unitary,Requires improvement to be good,0,27,0
880,2013-14,Torbay,,,Unitary,Inadequate,0,20,0
881,2013-14,Essex,,,County,Outstanding,20,24,72
882,2013-14,Southend-on-Sea,,,Unitary,Requires improvement to be good,31,24,396
883,2013-14,Thurrock,,,Unitary,Good,9,18,31
884,2013-14,Herefordshire,,,Unitary,Requires improvement to be good,0,21,0
885,2013-14,Worcestershire,,,County,Requires improvement to be good,44,13,187
886,2013-14,Kent,,,County,Good,33,25,149
887,2013-14,Medway,,,Unitary,Inadequate,36,28,615
888,2013-14,Lancashire,,,County,Requires improvement to be good,0,29,27
889,2013-14,Blackburn with Darwen,,,Unitary,Good,35,17,363
890,2013-14,Blackpool,,,Unitary,Inadequate,0,29,0
891,2013-14,Nottinghamshire,,,County,Good,0,19,0
892,2013-14,Nottingham,,,Unitary,Requires improvement to be good,0,26,0
893,2013-14,Shropshire,,,Unitary,Good,38,20,74
894,2013-14,Telford and Wrekin,,,Unitary,Outstanding,0,30,0
895,2013-14,Cheshire East,,,Unitary,Requires improvement to be good,33,21,325
896,2013-14,Cheshire West and Chester,,,Unitary,Good,0,22,138
909,2013-14,Cumbria,,,County,Requires improvement to be good,21,27,547
916,2013-14,Gloucestershire,,,County,Inadequate,0,25,0
919,2013-14,Hertfordshire,,,County,Good,30,18,127
921,2013-14,Isle of Wight,,,Unitary,Good,23,28,158
925,2013-14,Lincolnshire,,,County,Outstanding,32,19,138
926,2013-14,Norfolk,,,County,Requires improvement to be good,0,22,0
928,2013-14,Northamptonshire,,,County,Inadequate,0,20,0
929,2013-14,Northumberland,,,Unitary,Good,10,29,9
931,2013-14,Oxfordshire,,,County,Good,29,21,85
933,2013-14,Somerset,,,County,Requires improvement to be good,16,27,389
935,2013-14,Suffolk,,,County,Outstanding,0,25,0
936,2013-14,Surrey,,,County,Inadequate,19,31,12
937,2013-14,Warwickshire,,,County,Requires improvement to be good,0,23,0
938,2013-14,West Sussex,,,County,Inadequate,14,23,116
839,2013-14,"Bournemouth, Christchurch and Poole",South West,South West,Unitary,Not yet inspected,26,16,130
